"","fit","lwr","upr"
"1",119042.124556672,60608.434830076,177475.814283269
"2",149432.229719341,91036.9131376232,207827.546301059
"3",175734.889970288,117077.968572751,234391.811367825
"4",185600.4269767,127001.268245223,244199.585708178
"5",245583.115144342,186172.582004613,304993.648284071
"6",180049.824238649,121457.540676495,238642.107800804
"7",165480.929318989,106785.667129105,224176.191508873
"8",170872.766427642,112278.666636323,229466.866218961
"9",195005.966739788,136326.250429611,253685.683049966
"10",101618.229995776,43247.0215925151,159989.438399037
"11",196574.986915959,138056.97439794,255092.999433979
"12",94584.2902901866,34620.1490043242,154548.431576049
"13",91885.5068199362,31917.3511810328,151853.66245884
"14",151680.882658862,90363.6876609863,212998.077656737
"15",117639.152263069,56200.5358964285,179077.768629709
"16",386925.653415959,328052.850873016,445798.455958902
"17",267656.340831389,208912.021900177,326400.6597626
"18",293210.899032885,234504.105689143,351917.692376628
"19",290185.277157259,231512.485753662,348858.068560855
"20",461750.75528884,402668.439818555,520833.070759125
"21",308477.436154933,249798.892684113,367155.979625753
"22",244369.364305956,185661.575132118,303077.153479793
"23",178277.317520833,119572.871409026,236981.76363264
"24",162035.356867621,102128.564555088,221942.149180155
"25",167918.295325116,109270.033891261,226566.556758972
"26",202856.026599569,144282.669528879,261429.38367026
"27",345989.608462664,287066.449253513,404912.767671815
"28",261327.006967559,202725.335724096,319928.678211022
"29",202788.553930269,144244.521285619,261332.586574919
"30",212625.128704401,153979.09128761,271271.166121191
"31",191277.976191326,132525.859637254,250030.092745398
"32",111675.331601874,52835.2382956998,170515.424908048
"33",194578.223450057,135810.373004536,253346.073895578
"34",316372.035808783,257480.150654309,375263.920963258
"35",313420.873714506,254536.449712105,372305.297716907
"36",225092.464400209,166511.711035017,283673.217765401
"37",207739.223038048,149199.332438794,266279.113637301
"38",171081.104272606,112509.698519136,229652.510026077
"39",171447.956591098,112876.854647181,230019.058535015
"40",161583.659124271,102995.054537907,220172.263710636
"41",177277.612129121,118685.951378883,235869.27287936
"42",162964.161135715,104372.384173533,221555.938097897
"43",254280.317047458,195655.3650117,312905.269083215
"44",239507.126080916,180955.807985362,298058.44417647
"45",227986.636810586,169418.3192365,286554.954384672
"46",198640.567449616,139872.237582095,257408.897317138
"47",236984.822846664,178293.688403273,295675.957290056
"48",199822.100364069,141233.457382803,258410.743345334
"49",149804.093100385,91150.4605388061,208457.725661964
"50",139780.832725667,81448.3910096396,198113.274441695
"51",138420.029275779,80088.2281741466,196751.830377412
"52",164573.15502144,106183.20462751,222963.10541537
"53",154432.312342929,95990.1829823152,212874.441703542
"54",174319.742672549,115564.815963671,233074.669381428
"55",226143.819841719,167286.323171663,285001.316511776
"56",154527.494246132,96145.9953446833,212908.99314758
"57",157821.491071168,99357.2001356781,216285.782006658
"58",171558.012455486,113118.317305626,229997.707605345
"59",206011.510121993,147426.957334495,264596.062909491
"60",122345.161586823,64006.6672495016,180683.655924145
"61",127794.29098852,69448.9832294761,186139.598747563
"62",181636.588601067,123195.616749059,240077.560453076
"63",107154.352504371,48766.0894982365,165542.615510505
"64",106878.902929425,48532.071180373,165225.734678478
"65",106406.701569456,48064.9692756999,164748.433863212
"66",107182.949173836,48842.5035569435,165523.394790729
"67",111552.913491696,53041.5902229571,170064.236760435
"68",142577.063535218,84135.7629155274,201018.36415491
"69",132552.753103727,74217.7891055712,190887.717101884
"70",178105.974551921,119757.811450085,236454.137653758
"71",126669.332219622,67893.7318162758,185444.932622968
"72",80426.6739970885,21779.6129881747,139073.735006002
"73",131491.15404983,72944.4718733348,190037.836226324
"74",124096.964893131,65578.6635192132,182615.266267048
"75",150088.175630894,91471.071869632,208705.279392156
"76",107260.635469815,48800.0861841409,165721.184755489
"77",70557.9134756433,11467.0237636763,129648.80318761
"78",170865.583537689,112104.909641276,229626.257434102
"79",200140.980561946,141281.00396583,259000.957158061
"80",135533.891278468,76767.4441485764,194300.338408359
"81",145604.159092607,87086.6534645737,204121.664720639
"82",161400.806912086,102606.140536872,220195.4732873
"83",221193.440051161,162281.81973668,280105.060365642
"84",75602.4598075913,16868.1557771525,134336.76383803
"85",113901.280499694,55125.4955905187,172677.065408868
"86",146381.021759579,87419.5267734212,205342.516745736
"87",142802.791751267,83939.0967309493,201666.486771585
"88",136921.3468177,78154.0805747455,195688.613060655
"89",121515.966981036,62719.1540729154,180312.779889157
"90",151465.560209831,92722.615746427,210208.504673236
"91",116764.940225432,58177.6680495611,175352.212401303
"92",142244.345055778,83599.0437935416,200889.646318015
"93",132680.587185405,73901.7005002568,191459.473870554
"94",117271.103211708,58763.9460485046,175778.260374912
"95",196309.828475479,136986.976610037,255632.68034092
"96",121442.619316593,62027.2830066093,180857.955626577
"97",106844.953232716,45388.8567051893,168301.049760242
"98",81841.5332652991,22320.0852525725,141362.981278026
"99",101419.702946626,41939.1736746428,160900.232218608
"100",134456.430933383,75063.7485500119,193849.113316754
"101",162499.125469541,101353.76016123,223644.490777851
"102",124575.872421739,65923.9130860489,183227.831757429
"103",102957.553393605,44364.8893655549,161550.217421655
"104",176966.006343743,118212.577853233,235719.434834252
"105",152176.530844743,93421.2490051746,210931.812684311
"106",239522.004922474,180089.155737426,298954.854107523
"107",78908.7806629339,20238.0844693814,137579.476856486
"108",223372.10658839,164142.492167694,282601.721009087
"109",144081.849445556,85292.8943644821,202870.804526629
"110",140103.061891959,81500.001425765,198706.122358153
"111",129510.108637246,70927.9501731386,188092.267101352
"112",141897.410525955,83346.2924720026,200448.528579908
"113",224016.517165041,165122.054807378,282910.979522704
"114",144005.846146634,85464.0913230701,202547.600970197
"115",212290.326877114,153427.108358433,271153.545395795
"116",216687.193287753,157749.259275099,275625.127300407
"117",194750.750677298,136347.404001857,253154.097352739
"118",158577.809948154,99810.1108687925,217345.509027515
"119",139094.955454371,80588.0011060015,197601.909802741
"120",205870.300667552,147330.927255356,264409.674079748
"121",140254.169749931,81751.0412468488,198757.298253014
"122",122090.228250864,63583.4739121514,180596.982589577
"123",285251.930908198,226741.657317919,343762.204498478
"124",236811.79282305,178377.337130573,295246.248515526
"125",141187.888299999,82744.6598443964,199631.116755602
"126",50705.3446848335,-8082.9894982214,109493.678867888
"127",88346.3473956368,29796.7097234551,146895.985067819
"128",131686.054362662,73180.9822643256,190191.126460998
"129",100325.938617328,41759.5418201828,158892.335414473
"130",143652.760174685,85100.1834731107,202205.336876259
"131",82870.0394488509,24297.4740817443,141442.604815958
"132",133680.477557117,74190.2805027055,193170.674611528
"133",102426.448646429,42849.756722163,162003.140570696
"134",122766.473833105,62989.7818890446,182543.165777165
"135",116721.955354568,57302.5111451396,176141.399563995
"136",255689.233678861,196782.782593107,314595.684764616
"137",209403.923525319,150429.214806166,268378.632244472
"138",191335.371775799,132302.618453163,250368.125098434
"139",164243.710622439,92732.6908131047,235754.730431773
"140",176429.727656128,104934.243405671,247925.211906585
"141",16503.1974137215,-42728.5180768356,75734.9129042787
"142",123313.792243076,64201.546533565,182426.037952586
"143",76936.3200435599,16352.5230453477,137520.117041772
"144",252569.233578115,193607.888282662,311530.578873569
"145",235624.434891551,176609.759757773,294639.11002533
"146",166885.947541134,108095.669417995,225676.225664272
"147",232867.926176838,173847.036057096,291888.81629658
"148",223168.625608489,164175.990449756,282161.260767221
"149",199074.41405669,140022.063152838,258126.764960541
"150",152653.222513935,93408.8002085344,211897.644819335
"151",150536.034510651,91736.9282042499,209335.140817053
"152",176789.347841884,117924.910876214,235653.784807553
"153",178285.755288192,119419.516612367,237151.993964016
"154",112547.161590066,52645.4936385606,172448.829541571
"155",75194.0677435574,15281.2317596417,135106.903727473
"156",75194.0677435574,15281.2317596417,135106.903727473
"157",87555.510208339,27689.2728561809,147421.747560497
"158",118374.667263276,59555.8596875355,177193.474839016
"159",113744.854209716,54955.8949184172,172533.813501016
"160",212985.931838234,153952.4416217,272019.422054769
"161",134915.332980092,76093.0945081822,193737.571452002
"162",132977.369016394,74136.8039456587,191817.934087129
"163",247338.596870949,188244.950893148,306432.242848749
"164",202765.539359285,143817.869738192,261713.208980378
"165",118914.243589584,60505.1987863993,177323.288392768
"166",181287.814379698,122948.794765355,239626.833994041
"167",186069.906852351,127470.923035927,244668.890668774
"168",255431.009819776,196804.286967381,314057.732672171
"169",176786.119356667,118122.672331092,235449.566382243
"170",354842.306642154,295328.822684073,414355.790600236
"171",260955.724902104,201356.094103169,320555.355701038
"172",281134.682092805,221744.676263449,340524.687922161
"173",165958.827812101,107306.759597797,224610.896026406
"174",188225.806989299,129622.059630571,246829.554348026
"175",170262.889897596,111671.783859536,228853.995935656
"176",169730.406893283,111086.661128788,228374.152657778
"177",193375.137781249,134653.681062484,252096.594500014
"178",200398.255045811,141773.989613468,259022.520478153
"179",190527.974582794,131935.462805519,249120.486360069
"180",240115.174694253,181379.152008635,298851.19737987
"181",186966.44509578,128365.650983134,245567.239208426
"182",228660.606409228,170102.86271078,287218.350107677
"183",243795.672810031,185250.509172344,302340.836447717
"184",237173.212512616,178621.772025868,295724.652999364
"185",186907.234430347,128131.118774686,245683.350086009
"186",149487.462937508,90870.4906688984,208104.435206118
"187",166537.2394525,107885.444552901,225189.034352099
"188",136356.245092385,78032.0747208806,194680.41546389
"189",119848.231714201,61531.5846086318,178164.87881977
"190",102181.278092367,43792.0768969645,160570.47928777
"191",115387.961558066,56869.99315514,173905.929960992
"192",95317.99492717,35354.7860194873,155281.203834853
"193",95926.89683199,35963.0113402417,155890.782323738
"194",154994.548184867,93668.3599575393,216320.736412195
"195",149842.771845054,88482.4203286301,211203.123361478
"196",152414.587295845,91097.4202716994,213731.754319991
"197",155728.25282185,94401.7932433379,217054.712400363
"198",153774.724326407,92236.3148869995,215313.133765815
"199",119510.292342499,58077.4616210267,180943.123063972
"200",151913.604952439,93271.7600849001,210555.449819978
"201",431076.049884494,371969.358039158,490182.741729831
"202",339140.8881339,280362.843911814,397918.932355986
"203",390572.310632071,331709.795574528,449434.825689615
"204",458244.617612727,399237.518188982,517251.717036473
"205",364220.389203146,305349.172755821,423091.60565047
"206",305181.966809492,246412.026042772,363951.907576211
"207",313799.000437088,255064.053009862,372533.947864315
"208",368455.311140713,309569.114089506,427341.50819192
"209",277443.402036905,218721.362181921,336165.44189189
"210",369777.733221529,310913.280409999,428642.186033058
"211",268703.099187281,209994.929449803,327411.268924759
"212",362089.815706945,303232.13613326,420947.495280629
"213",296074.095185581,237334.671478501,354813.518892661
"214",279639.781879327,220958.291298188,338321.272460465
"215",219628.515052136,160853.254984003,278403.775120268
"216",220956.951318499,162195.244890508,279718.65774649
"217",232145.563977581,173438.010460095,290853.117495067
"218",442916.887533121,383960.82252964,501872.952536601
"219",321455.189688941,262685.775887799,380224.603490083
"220",369484.890768943,310611.421806193,428358.359731693
"221",328564.277829431,269608.125980135,387520.429678727
"222",280789.414717232,222128.08675098,339450.742683484
"223",234278.293368421,175574.668449322,292981.91828752
"224",183504.660494489,124910.838700981,242098.482287997
"225",174554.898827113,115947.784009596,233162.013644629
"226",175095.87667021,115236.011664703,234955.741675716
"227",168285.147643608,109637.017915424,226933.277371792
"228",198840.798517039,140266.49453125,257415.102502829
"229",195839.076512042,137262.552279011,254415.600745073
"230",186647.59473378,128059.906878085,245235.282589476
"231",176130.68535307,117523.269330873,234738.101375266
"232",236846.778337449,178224.352723267,295469.20395163
"233",159524.975266783,100838.928572127,218211.02196144
"234",174290.187836146,115693.476012479,232886.899659812
"235",168287.506051817,109615.637237493,226959.374866141
"236",250443.639865474,191809.512822662,309077.766908287
"237",168327.217993039,109656.208645094,226998.227340983
"238",353842.165586329,294908.472273814,412775.858898844
"239",339670.467734377,280626.883077506,398714.052391249
"240",281185.808341747,222266.52577054,340105.090912953
"241",303239.19825407,244341.335756209,362137.060751932
"242",265882.97120349,207216.768416726,324549.173990255
"243",259617.460950021,201048.386806839,318186.535093203
"244",269208.892961651,210610.165586059,327807.620337243
"245",231540.746838257,172957.700027808,290123.793648707
"246",414473.830678584,355059.959640993,473887.701716174
"247",214738.188043561,156178.427635907,273297.948451216
"248",215421.318876641,156874.150519202,273968.48723408
"249",272518.172618548,213815.447098123,331220.898138973
"250",239178.491335621,180619.757875676,297737.224795565
"251",244251.252423313,185684.387864288,302818.116982339
"252",267892.255758499,209253.563586063,326530.947930934
"253",248427.768654319,189835.782236279,307019.755072358
"254",225120.44816506,166546.511477605,283694.384852515
"255",206699.604572109,148158.095358564,265241.113785655
"256",186750.99879866,127973.967740756,245528.029856565
"257",176182.472993482,117404.751304232,234960.194682733
"258",144520.76842013,85557.8366957458,203483.700144515
"259",198899.256560323,140139.36485794,257659.148262706
"260",232940.892944272,174045.208266269,291836.577622274
"261",177290.367422433,118503.863148598,236076.871696269
"262",129145.085182358,70186.3061365324,188103.864228184
"263",152563.18654184,93728.8660722175,211397.507011463
"264",215571.625390646,156743.932175653,274399.318605639
"265",226286.866900096,167551.690994139,285022.042806054
"266",180068.342925089,121308.778175094,238827.907675085
"267",177381.575605079,118615.471319014,236147.679891143
"268",179472.962860216,120712.716918851,238233.208801581
"269",152963.341052522,94203.9052651674,211722.776839876
"270",175685.577127835,116546.483137376,234824.671118295
"271",115369.090423755,56771.7906030201,173966.39024449
"272",118766.291703202,60044.7932891829,177487.79011722
"273",106894.615319575,48281.9031460439,165507.327493107
"274",115406.152932289,56811.5564663443,174000.749398233
"275",118696.791565565,59896.8714720207,177496.71165911
"276",103645.871896648,45037.1324277372,162254.611365558
"277",317164.646872248,256260.866676062,378068.427068435
"278",261952.907158408,202965.929731518,320939.884585298
"279",306064.114679464,247234.175961471,364894.053397457
"280",236716.839050822,178004.946110882,295428.731990762
"281",196825.316661464,138205.648595547,255444.98472738
"282",177277.612129121,118685.951378883,235869.27287936
"283",186075.946701363,127520.619220764,244631.274181962
"284",345657.363035111,284162.030033587,407152.696036635
"285",252896.559686727,191956.712608133,313836.406765322
"286",263971.374775026,202794.906738478,325147.842811573
"287",215880.33311878,157130.671930582,274629.994306978
"288",228268.679155807,169511.134494011,287026.223817602
"289",151771.239178294,93141.0227180312,210401.455638556
"290",139845.123211034,81179.1622900479,198511.08413202
"291",228125.47933135,169421.187943408,286829.770719293
"292",102030.946605479,43704.5349130063,160357.358297951
"293",166309.550133918,107901.430710466,224717.669557371
"294",209341.49258549,150738.514415333,267944.470755648
"295",161226.116869537,102633.514409941,219818.719329134
"296",102105.301004189,43718.6645484347,160491.937459944
"297",98933.5023536603,40595.8917911212,157271.112916199
"298",144652.149146075,86159.3270637595,203144.97122839
"299",166925.263579402,108561.04985411,225289.477304694
"300",170488.574462573,112072.989292262,228904.159632885
"301",162088.226410977,103614.281987451,220562.170834502
"302",179802.0858966,121353.395656044,238250.776137156
"303",169645.939661169,111309.546588154,227982.332734184
"304",106416.159133442,48076.5780631452,164755.740203738
"305",193412.666563961,134815.709442271,252009.623685651
"306",178194.389476303,119844.215535451,236544.563417156
"307",213716.80620382,155120.603766507,272313.008641133
"308",122261.829338675,63654.7932227876,180868.865454561
"309",183880.775348307,125359.960430529,242401.590266085
"310",135875.510607641,77329.2080977012,194421.813117581
"311",126032.831596842,67679.6579502707,184386.005243413
"312",142640.471152491,84257.4522009416,201023.490104041
"313",130561.560014563,71998.8066830319,189124.313346094
"314",190249.984314134,131699.231051684,248800.737576584
"315",124950.267907939,66555.4441626511,183345.091653227
"316",107746.776788516,49371.3092928841,166122.244284147
"317",86909.3887665099,28529.5888838971,145289.188649123
"318",127644.222927637,69042.6265682025,186245.819287072
"319",97900.1009007028,39311.8633015695,156488.338499836
"320",177511.472066267,119030.512729852,235992.431402682
"321",121305.819465339,62920.9998671675,179690.639063511
"322",54397.9435185935,-4213.48677009228,113009.373807279
"323",134193.386229297,75569.23722745,192817.535231143
"324",79691.6353486145,20889.6531069666,138493.617590262
"325",93881.172039401,35361.7219702988,152400.622108503
"326",175613.043956713,116838.802377677,234387.285535748
"327",168592.964488863,109884.208477656,227301.72050007
"328",4344.07550737844,-56308.131634349,64996.2826491059
"329",83693.5853665461,25117.4619496135,142269.708783479
"330",58408.7052211729,-267.325748244308,117084.73619059
"331",236353.325844724,177684.621472089,295022.03021736
"332",157660.176074822,99278.9229077112,216041.429241933
"333",145454.910113798,84793.3896081331,206116.430619464
"334",143512.535413818,84944.0789257374,202080.991901899
"335",130106.294104747,71723.8530346983,188488.735174797
"336",112283.199886598,53763.0138630834,170803.385910113
"337",142674.473648698,84070.2732850587,201278.674012338
"338",112850.018079706,54513.7886454459,171186.247513966
"339",82524.4152198983,24142.8742255561,140905.956214241
"340",103025.465782398,44661.8683762136,161389.063188583
"341",133014.090364772,74564.6354455047,191463.545284039
"342",166239.739617228,107842.118956206,224637.36027825
"343",164365.385877414,105961.50962698,222769.262127847
"344",122773.023750985,64423.8962723934,181122.151229576
"345",133877.079904805,75507.8027737711,192246.35703584
"346",129079.90573094,70548.4235034849,187611.387958396
"347",149029.477505468,90471.6071484429,207587.347862493
"348",106132.338497508,47563.6524951893,164701.024499828
"349",104365.300360053,45573.7607215093,163156.839998597
"350",119910.229184462,61401.4856566802,178418.972712244
"351",89541.2903491151,28928.7870421051,150153.793656125
"352",93350.103951103,34760.5248579466,151939.683044259
"353",106094.283440973,47662.0117205687,164526.555161378
"354",65765.4259103726,7229.06592395392,124301.785896791
"355",1889.44249889291,-56933.1323387659,60712.0173365518
"356",67003.9668250794,8188.53410332761,125819.399546831
"357",110977.171936141,52028.987728981,169925.356143301
"358",151718.951423416,93158.4674669078,210279.435379925
"359",131778.381581403,73190.2248191428,190366.538343664
"360",52264.9022980155,-6400.3838805779,110930.188476609
"361",122573.090472041,61897.5927466059,183248.588197475
"362",151866.851338323,93317.0353769731,210416.667299674
"363",25198.6704859792,-33953.0583243376,84350.3992962959
"364",150297.850326542,91539.5873805355,209056.113272548
"365",142251.334859346,83461.214955838,201041.454762854
"366",101302.588566368,42574.6689329874,160030.508199749
"367",125995.434682404,67220.6413319488,184770.22803286
"368",145240.236687026,86499.5848444808,203980.888529571
"369",153053.121320579,93712.4935900433,212393.749051114
"370",152917.695183137,94368.480866191,211466.909500082
"371",162449.984125018,103840.522625019,221059.445625018
"372",135741.286525481,76996.9923351033,194485.580715859
"373",146206.606868989,87064.8774418706,205348.336296107
"374",127893.61091322,69369.7008522372,186417.520974202
"375",163442.39205243,104704.799654634,222179.984450225
"376",151785.576755221,92676.9233204722,210894.230189969
"377",62144.0939254399,3048.75522419455,121239.432626685
"378",124018.383154844,64978.2236547324,183058.542654956
"379",82708.1920924229,24038.7169540332,141377.667230813
"380",125698.192634562,67092.6677546973,184303.717514427
"381",128247.27645323,69746.1088943907,186748.444012069
"382",95971.235887285,37437.6013810398,154504.87039353
"383",142534.312746645,83877.8268442389,201190.79864905
"384",130782.212435812,72073.8517833047,189490.573088319
"385",148582.958858746,89899.3296633355,207266.588054157
"386",151222.957470908,92576.731143681,209869.183798134
"387",185721.273753333,126395.020050979,245047.527455687
"388",10771.6728724577,-48193.330823369,69736.6765682843
"389",90981.8230869009,32278.2037928739,149685.442380928
"390",117125.18312035,58606.6663881252,175643.699852574
"391",148656.049131271,90056.8749140418,207255.2233485
"392",122549.637169953,63994.1467417094,181105.127598196
"393",123367.851057713,64698.1602236854,182037.541891741
"394",162838.575065426,104049.884811763,221627.265319088
"395",157422.059237784,98601.6239439501,216242.494531617
"396",214950.963785501,156240.574547105,273661.353023896
"397",171448.106507853,112331.677003309,230564.536012397
"398",168357.372857776,109209.216621498,227505.529094055
"399",120327.24572682,61409.3931286876,179245.098324952
"400",169225.372165508,110235.750854701,228214.993476315
"401",119215.497446815,60300.4821784003,178130.512715231
"402",287515.484661178,228459.451082895,346571.51823946
"403",287515.484661178,228459.451082895,346571.51823946
"404",287515.484661178,228459.451082895,346571.51823946
"405",344159.252901766,284842.048166214,403476.457637318
"406",339449.577531553,280283.515874172,398615.639188934
"407",246486.133377971,187979.667266515,304992.599489427
"408",270477.731697202,211888.875914165,329066.58748024
"409",209393.403329115,150970.672374583,267816.134283647
"410",216313.779257198,157810.741602923,274816.816911472
"411",245830.425895952,187353.189470077,304307.662321827
"412",175694.877947986,117214.355490994,234175.400404977
"413",236400.927130759,177077.290435026,295724.563826492
"414",137938.150825267,79450.5810729274,196425.720577606
"415",206488.324232562,147954.306729456,265022.341735667
"416",199044.652034368,140512.001324494,257577.302744243
"417",208098.844025015,149699.923652803,266497.764397227
"418",222214.249306597,163807.344511656,280621.154101538
"419",121160.081570209,62663.4404235486,179656.72271687
"420",126220.622211561,67731.952771942,184709.29165118
"421",248100.445778768,189374.784978207,306826.106579329
"422",253903.480871698,195449.247205624,312357.714537772
"423",201841.192489737,143421.516348972,260260.868630502
"424",214631.234138652,156208.428718169,273054.039559135
"425",230053.661789473,171614.230195095,288493.093383852
"426",259170.093583075,200697.225990946,317642.961175204
"427",210876.562248796,152465.960634919,269287.163862672
"428",252740.796605526,194282.477386114,311199.115824939
"429",171543.486475021,113043.060886064,230043.912063978
"430",121109.595919688,62549.7432791887,179669.448560187
"431",137065.006217694,78402.0159956062,195727.996439782
"432",89198.2764810846,30684.0228168462,147712.530145323
"433",124103.314920064,65548.7023776039,182657.927462523
"434",155169.773295982,96376.6513371827,213962.895254781
"435",151601.007193042,93056.0752948937,210145.939091191
"436",127883.025641786,69157.6304520957,186608.420831477
"437",113097.3626886,53537.050712041,172657.674665159
"438",103916.423055595,44457.766619716,163375.079491474
"439",177022.38753075,118098.123822693,235946.651238808
"440",167484.460878102,108585.007276081,226383.914480123
"441",172126.269156252,113241.780203049,231010.758109455
"442",153196.844145261,94292.6627105448,212101.025579978
"443",242674.909138058,183757.384051074,301592.434225041
"444",149253.579753859,90412.4571243853,208094.702383332
"445",203782.962627272,144936.06965596,262629.855598585
"446",183368.123263515,124491.797454645,242244.449072385
"447",223625.514460849,164770.536269204,282480.492652493
"448",114990.310095263,43739.0987495512,186241.521440976
"449",131256.346181316,60008.6668593854,202504.025503246
"450",126854.118359416,55617.0289307344,198091.207788098
"451",203129.308260769,144312.234772583,261946.381748955
"452",295113.620787256,236141.883836996,354085.357737516
"453",174230.65019602,115000.166364112,233461.134027928
"454",44558.1741540509,-14486.8517264981,103603.2000346
"455",314581.369874699,255022.960049484,374139.779699914
"456",19126.2943358942,-41575.424618044,79828.0132898323
"457",241141.746262386,182144.314957053,300139.177567719
"458",132402.001169672,73559.7204732614,191244.281866083
"459",168598.651698107,109644.498886989,227552.804509225
"460",187016.605075515,128138.093670016,245895.116481014
"461",377280.337201761,317632.724982683,436927.949420839
"462",334870.076178093,275095.118200471,394645.034155716
"463",225011.169467376,165793.143230949,284229.195703804
"464",228906.375621801,169856.466137886,287956.285105716
"465",225470.95872324,166373.485700983,284568.431745497
"466",372598.117972364,312954.921976369,432241.313968359
"467",118047.086324953,59256.2026865898,176837.969963317
"468",169078.094720169,110247.690010551,227908.499429788
"469",99773.4826453765,40970.9720394422,158575.993251311
"470",125197.9988993,66312.9967693042,184083.001029296
"471",136052.906521123,77147.2931740409,194958.519868205
"472",130409.853531941,71601.9522924099,189217.754771472
"473",172754.331563782,113529.732478533,231978.930649031
"474",185600.4269767,127001.268245223,244199.585708178
"475",167851.172218031,109257.642034044,226444.702402019
"476",177288.41977031,118641.249346741,235935.590193879
"477",182734.883521598,124137.264211964,241332.502831232
"478",166435.040601414,107639.55058969,225230.530613138
"479",289837.249125111,230483.101465615,349191.396784608
"480",245583.115144342,186172.582004613,304993.648284071
"481",186859.621552367,128260.142818198,245459.100286536
"482",174745.6780286,116097.75346184,233393.60259536
"483",255870.022659624,196477.376341614,315262.668977635
"484",323854.778896866,264426.06856557,383283.489228162
"485",389905.124245846,330050.980360509,449759.268131183
"486",195130.922911867,136201.085575709,254060.760248025
"487",371810.68532975,311929.259023214,431692.111636286
"488",191784.346714954,132892.529323216,250676.164106692
"489",214864.375422369,156120.023525369,273608.727319368
"490",172002.007224247,113172.331740011,230831.682708482
"491",251934.674106662,193061.871372936,310807.476840389
"492",220819.525198395,162047.901052576,279591.149344214
"493",155468.898959683,96867.0924309461,214070.705488421
"494",198999.715143728,140355.932774782,257643.497512675
"495",122272.024287901,63619.7443803798,180924.304195422
"496",301248.725954221,242080.226531432,360417.225377009
"497",175508.448477529,116908.757897381,234108.139057678
"498",258307.637737094,199558.554551653,317056.720922534
"499",159392.876029371,101015.427707223,217770.324351518
"500",96147.0936059186,37797.5349226108,154496.652289226
"501",114231.652335874,55872.7476325797,172590.557039169
"502",95317.99492717,35354.7860194873,155281.203834853
"503",98528.9080941547,38559.8550315568,158497.961156753
"504",104092.510116769,44113.8344645671,164071.185768972
"505",144100.691119955,82735.3094663604,205466.07277355
"506",142116.398934943,80708.4042501238,203524.393619762
"507",271248.756406961,212494.500232288,330003.012581634
"508",341750.317370451,282863.207927563,400637.42681334
"509",376606.844381461,317742.836099077,435470.852663844
"510",356590.804977633,297810.581928304,415371.028026961
"511",437408.552164709,378399.934939815,496417.169389603
"512",326818.569975439,268064.386101869,385572.753849008
"513",336418.693044862,277406.276027332,395431.110062391
"514",295897.846524491,237181.623197859,354614.069851122
"515",444395.012527422,385423.517117449,503366.507937396
"516",271855.173359682,213192.631697635,330517.715021728
"517",321825.224052394,263072.281933876,380578.166170913
"518",335802.456658172,277035.244074658,394569.669241685
"519",376325.649007123,317464.023609418,435187.274404827
"520",232067.251791124,173362.830739584,290771.672842664
"521",374063.01251491,315180.95756901,432945.06746081
"522",245069.983539528,186373.152640609,303766.814438447
"523",245069.983539528,186373.152640609,303766.814438447
"524",215861.44158947,157068.790612632,274654.092566309
"525",202421.805074832,142556.096820245,262287.513329419
"526",209144.694780285,149273.146891456,269016.242669113
"527",175933.78775905,116074.342609251,235793.232908849
"528",176593.865687036,117989.606297646,235198.125076426
"529",200256.918847902,141679.894180116,258833.943515689
"530",215314.935927098,156731.044220422,273898.827633773
"531",232145.563977581,173438.010460095,290853.117495067
"532",214215.195307206,155637.419146272,272792.971468139
"533",180109.254910094,121510.305457229,238708.20436296
"534",236153.450197349,177516.930901024,294789.969493674
"535",196041.79058281,137423.745106046,254659.836059575
"536",298321.895210607,239408.169661284,357235.620759931
"537",328242.850144256,269294.711755774,387190.988532738
"538",333096.099036539,274082.780237968,392109.41783511
"539",290093.278822881,231071.057954206,349115.499691557
"540",324706.855882844,265822.28309428,383591.428671408
"541",293187.790811605,234258.594890735,352116.986732475
"542",238540.738790531,179963.091041629,297118.386539432
"543",265478.669245704,206921.868078869,324035.470412539
"544",254797.304751892,196210.24911958,313384.360384204
"545",234103.066687926,175514.8362518,292691.297124053
"546",222782.761628048,164215.681137918,281349.842118178
"547",258203.774784387,199627.781532263,316779.768036511
"548",193354.374135423,134803.088590721,251905.659680124
"549",183588.948102594,124830.371826133,242347.524379055
"550",191369.68866393,132617.569353077,250121.807974784
"551",146680.989927951,87707.9062294536,205654.073626449
"552",178270.836785273,119493.842048373,237047.831522174
"553",172862.832911027,114107.455463386,231618.210358668
"554",178416.412029893,119667.46454259,237165.359517196
"555",187867.959617856,129116.360562088,246619.558673623
"556",185083.863476307,126315.712561603,243852.01439101
"557",191878.736455441,133122.116167909,250635.356742973
"558",123814.411013471,65208.1211294437,182420.700897498
"559",131350.013509097,72658.3598999896,190041.667118204
"560",106277.665005613,47689.5499481016,164865.780063124
"561",100960.666097262,42355.6463361464,159565.685858377
"562",226148.712378957,165234.202653504,287063.22210441
"563",165193.948049271,106596.978725361,223790.917373182
"564",295746.258466789,236582.072852597,354910.444080981
"565",365977.749224665,307032.265816978,424923.232632352
"566",195527.336235114,136982.641704345,254072.030765883
"567",159764.434666082,101175.749239288,218353.120092876
"568",187294.285479912,128746.706674509,245841.864285314
"569",177386.688636907,118681.504524948,236091.872748867
"570",257963.849673179,199293.940411627,316633.758934731
"571",233641.228823911,174970.193755813,292312.26389201
"572",244535.945665463,185884.221499578,303187.669831347
"573",251520.785526873,192847.99538601,310193.575667735
"574",181594.087522965,123032.119389148,240156.055656783
"575",218440.156324185,159711.354592358,277168.958056011
"576",212452.841494998,153876.94709585,271028.735894146
"577",213880.908080766,155306.358988821,272455.457172711
"578",362700.173167397,303350.374334078,422049.972000716
"579",233207.279282176,172360.729976901,294053.82858745
"580",332304.60435174,271098.635189674,393510.573513806
"581",331442.333740513,269932.700097605,392951.96738342
"582",220969.632819468,162401.107855491,279538.157783444
"583",164868.871635684,106206.976756239,223530.766515129
"584",198997.406646479,140343.443678573,257651.369614384
"585",202927.869514137,144279.724585802,261576.014442471
"586",167031.660713026,108285.112577864,225778.208848187
"587",134735.927605673,76394.739602809,193077.115608538
"588",132382.670383307,73774.4841114959,190990.856655118
"589",184531.160566333,126055.997795307,243006.323337358
"590",167357.725022799,108659.28521012,226056.164835478
"591",74906.8986976028,16397.5567991036,133416.240596102
"592",126459.265181571,68132.6991471463,184785.831215995
"593",133499.404974539,75090.1820912025,191908.627857876
"594",70069.1684005455,11328.3902236528,128809.946577438
"595",153178.877487038,92625.5843306952,213732.170643382
"596",136935.993299304,78445.8700391152,195426.116559493
"597",111328.008369191,52980.9971166873,169675.019621695
"598",206481.756012838,147960.797043085,265002.714982592
"599",140516.715235533,82026.5014846869,199006.928986379
"600",162158.677215089,103754.86995857,220562.484471609
"601",177451.922924417,119103.105795202,235800.740053631
"602",121795.600114936,63465.034708337,180126.165521535
"603",89703.9721964503,31333.6556843578,148074.288708543
"604",134234.570208441,75846.630696846,192622.509720035
"605",108824.154052312,50479.0755998521,167169.232504771
"606",187369.498116345,128912.93168315,245826.06454954
"607",132121.207065342,73530.1489479224,190712.265182762
"608",185911.575511417,127379.876633299,244443.274389535
"609",41577.554549531,-17044.4978608068,100199.606959869
"610",88702.9067687791,30215.3712120208,147190.442325537
"611",71889.2055654762,13050.8045786099,130727.606552343
"612",164721.777453401,105235.372653465,224208.182253337
"613",123928.806561797,65602.8231837735,182254.789939821
"614",191297.330479744,132834.650347573,249760.010611915
"615",145080.119015184,86699.9756634898,203460.262366879
"616",116294.879109672,57888.5723770067,174701.185842338
"617",131949.272417954,73595.9575296675,190302.58730624
"618",113345.930884015,55018.3884285185,171673.473339512
"619",138050.425915748,79624.7672783792,196476.084553117
"620",116111.733881723,57709.4564869416,174514.011276504
"621",126605.419545532,68199.3382489306,185011.500842133
"622",165687.368444668,106964.689709186,224410.04718015
"623",142243.491922804,83889.6777885904,200597.306057017
"624",95534.2131247814,37181.7445363153,153886.681713248
"625",119841.956433241,61504.2931889064,178179.619677575
"626",102637.904223563,44014.2017917539,161261.606655371
"627",122822.380646472,64308.3459612385,181336.415331706
"628",117774.610224348,59271.9981820183,176277.222266678
"629",60288.4311108727,1739.31871285807,118837.543508887
"630",136744.125079156,78105.5722326521,195382.67792566
"631",106871.514645917,48208.1464403953,165534.882851439
"632",122956.849260717,64427.5325493266,181486.165972107
"633",131951.91278428,71369.0086235363,192534.816945023
"634",129762.433831017,70878.7372921486,188646.130369886
"635",157698.348340632,98879.0011621391,216517.695519124
"636",63107.5519689099,4580.87623523058,121634.227702589
"637",87774.0148382024,29205.2321253526,146342.797551052
"638",143139.63751155,84444.6374700695,201834.637553031
"639",4667.89816700093,-54129.9300799727,63465.7264139745
"640",80733.4565059247,21970.1615092131,139496.751502636
"641",139932.140008011,81402.7006222143,198461.579393807
"642",128172.547541057,69590.4361074921,186754.658974623
"643",88398.5018643225,29853.7729400195,146943.230788626
"644",164369.960069122,105758.705185724,222981.214952519
"645",111576.196900699,52773.1694543759,170379.224347023
"646",55463.9846190416,-5166.42841372512,116094.397651808
"647",227040.291609024,168386.615230687,285693.967987361
"648",91885.0163455369,33400.2304344339,150369.80225664
"649",99113.2051731472,40520.3623323834,157706.048013911
"650",139569.37019419,80667.1075370381,198471.632851341
"651",155295.149998648,96385.4139179026,214204.886079393
"652",155120.248008204,96352.3773765644,213888.118639843
"653",128839.381043313,70036.2041908682,187642.557895757
"654",136799.561199806,77991.4108468415,195607.711552771
"655",176340.479506012,117580.419888555,235100.53912347
"656",137474.014394013,78636.8799440747,196311.148843952
"657",175495.574620011,116624.516588816,234366.632651207
"658",137279.358744659,78528.6611581679,196030.05633115
"659",117452.656749587,58652.5400536393,176252.773445536
"660",135338.197649559,76552.7727404728,194123.622558645
"661",NA,NA,NA
"662",97843.7490543615,39108.7049256318,156578.793183091
"663",78968.927825849,20120.6233698069,137817.232281891
"664",197518.781409467,138667.719385219,256369.843433715
"665",149741.425671395,91175.6651780997,208307.18616469
"666",187529.251515583,128625.544733458,246432.958297708
"667",173632.856842532,115112.544056915,232153.16962815
"668",123316.192049597,64547.7578096284,182084.626289566
"669",95122.9453424601,35800.1742149394,154445.716469981
"670",128306.838813851,69233.9166143341,187379.761013368
"671",181345.778651334,122240.497204506,240451.060098161
"672",122118.53282775,63110.4242573657,181126.641398134
"673",127482.956823885,68388.4264216856,186577.487226084
"674",123896.138790782,64821.0753931487,182971.202188415
"675",91980.4896124183,32832.8517955565,151128.12742928
"676",64302.186773432,3643.06519945846,124961.308347406
"677",127172.28292461,68366.8977699686,185977.66807925
"678",122196.309734589,63602.7285169978,180789.890952181
"679",151527.259603605,92909.2893675546,210145.229839655
"680",127841.112051232,69205.4568064756,186476.767295988
"681",130581.939969528,71872.0344016008,189291.845537455
"682",119721.903050995,61126.6373895893,178317.168712401
"683",137797.687992193,79215.5028607504,196379.873123635
"684",129733.502840057,71065.0640338243,188401.941646289
"685",124666.137742617,66039.8890907188,183292.386394515
"686",153007.993238174,94318.4508847544,211697.535591594
"687",195126.197496749,135782.047080837,254470.347912661
"688",133846.046602034,75190.0893280485,192502.00387602
"689",131407.479753563,72580.3473988232,190234.612108303
"690",227382.090835081,168042.71661877,286721.465051391
"691",126498.394007273,67730.4867357561,185266.301278791
"692",178208.765714548,119206.007511698,237211.523917399
"693",161372.649610335,102766.66229295,219978.63692772
"694",92734.4261058454,34186.613585819,151282.238625872
"695",138688.432565811,80011.4546236574,197365.410507964
"696",259117.360881794,200163.083930547,318071.63783304
"697",222102.983860781,163354.490034679,280851.477686882
"698",221447.128601958,162678.378528613,280215.878675303
"699",210043.237044529,151275.045720054,268811.428369004
"700",183662.105521289,125183.022588749,242141.18845383
"701",256828.199315519,198350.442892507,315305.95573853
"702",352249.042514038,293281.078651039,411217.006377037
"703",352340.583178347,293069.321579469,411611.844777225
"704",232894.649014176,174068.791128511,291720.50689984
"705",195507.928608875,136275.779328766,254740.077888985
"706",141515.916310743,83023.3070547924,200008.525566694
"707",211878.042314485,153343.407156353,270412.677472617
"708",192488.600009358,133968.242760841,251008.957257875
"709",194750.722082088,136325.966479049,253175.477685126
"710",212453.891297855,154033.590998563,270874.191597146
"711",140738.815764769,82245.9883147786,199231.64321476
"712",152107.047875656,93545.9081975194,210668.187553793
"713",165003.714491947,106466.653331871,223540.775652023
"714",246632.554704909,188201.40003393,305063.709375889
"715",269191.792613374,210689.792347469,327693.792879279
"716",263385.034082267,204933.244890631,321836.823273903
"717",252539.493249184,194073.606228039,311005.380270328
"718",223895.508035993,165432.460426514,282358.555645472
"719",141554.740618491,83111.0460288499,199998.435208132
"720",233671.555749869,175023.164310893,292319.947188845
"721",205366.999835615,146957.422470183,263776.577201047
"722",230438.985421091,171989.010247457,288888.960594724
"723",204776.997386188,146381.057597078,263172.937175297
"724",119298.160316499,60800.7409718665,177795.579661132
"725",108513.837557522,49968.5679739395,167059.107141104
"726",154762.259993354,96191.1366372412,213333.383349467
"727",153873.35364549,95286.5592455874,212460.148045392
"728",161215.244605309,102607.652215577,219822.83699504
"729",263133.88119445,203322.91653637,322944.845852531
"730",59428.4183316292,773.476073210295,118083.360590048
"731",59428.4183316292,773.476073210295,118083.360590048
"732",67000.8372423485,8435.46110151281,125566.213383184
"733",104711.959020868,46076.6248006309,163347.293241105
"734",84294.3181684145,25623.6328635978,142965.003473231
"735",89511.9368277156,30984.871374591,148039.00228084
"736",88259.6972403673,29717.1584198065,146802.236060928
"737",125957.348734885,67320.9188918197,184593.77857795
"738",151693.073650741,92170.3930940907,211215.75420739
"739",171352.51816605,111856.347126688,230848.689205412
"740",153303.59368577,94461.8868883079,212145.300483233
"741",161119.328323024,102232.182159353,220006.474486694
"742",202266.909837601,143264.641102261,261269.178572942
"743",181830.857525248,122973.28753833,240688.427512166
"744",194262.768884493,135403.501237238,253122.036531748
"745",138314.097752099,79414.6850890438,197213.510415155
"746",156204.181229448,97346.1641050022,215062.198353894
"747",228963.497515671,169813.064896979,288113.930134363
"748",246269.426650041,187389.621141938,305149.232158144
"749",228157.735577455,169123.073507084,287192.397647826
"750",115396.874354977,44145.1186436863,186648.630066267
"751",113614.105268822,54475.2031760796,172753.007361564
"752",121211.877639628,62052.1684867185,180371.586792538
"753",86788.5497088244,27691.1251733042,145885.974244345
"754",132712.032252361,72022.5808415425,193401.483663179
"755",94700.9481861457,35623.9619591512,153777.93441314
"756",154733.749677004,95609.6119640427,213857.887389966
"757",12701.2382439109,-48198.7928435457,73601.2693313675
"758",70501.5447985734,11391.6041949824,129611.485402164
"759",79592.4232335568,20445.9704115646,138738.876055549
"760",60632.1835736248,1606.75795197321,119657.609195276
"761",316329.596191466,256772.033937522,375887.15844541
"762",239137.485336333,180217.592942416,298057.377730249
"763",248907.959721406,189850.933987636,307964.985455176
"764",215772.244874584,156847.586512529,274696.90323664
"765",135063.160130857,75969.3494114971,194156.970850217
"766",181990.1751214,122966.92531919,241013.424923609
"767",214944.149612216,155966.569665919,273921.729558513
"768",247022.925589232,187938.054457452,306107.796721013
"769",240579.99062976,181563.58940308,299596.391856441
"770",151484.034668299,92231.5403387797,210736.528997819
"771",210436.76952594,151356.171315105,269517.367736776
"772",207332.686607343,148284.030423557,266381.342791129
"773",192862.165051085,133833.131923312,251891.198178858
"774",233125.752385504,174113.362245737,292138.142525272
"775",218649.945066609,159517.991967326,277781.898165891
"776",266388.940361513,207357.302104011,325420.578619015
"777",295742.605058487,236700.40667741,354784.803439565
"778",196876.956506588,137963.160619457,255790.752393718
"779",124157.783088711,65174.4786469543,183141.087530469
"780",155882.785930565,97085.3251458698,214680.246715259
"781",139953.298993365,80959.9761380557,198946.621848674
"782",122860.738882932,62930.7214834984,182790.756282366
"783",130620.624616362,70727.4425335696,190513.806699154
"784",94552.5975114695,34613.1266751001,154492.068347839
"785",88703.5514192176,28801.4975980847,148605.60524035
"786",124069.658321138,65248.8990930487,182890.417549227
"787",112134.647377779,52067.477436458,172201.817319099
"788",102559.850621011,43759.3572433857,161360.343998637
"789",113064.071583962,54224.4190307793,171903.724137145
"790",117162.27931257,58381.3290023204,175943.22962282
"791",127499.630511453,68398.8214859133,186600.439536992
"792",192903.93998385,134543.974478166,251263.905489534
"793",152772.29832615,94147.4985892863,211397.098063014
"794",167929.566679005,109302.739965609,226556.393392402
"795",191020.264687107,132415.466482934,249625.062891281
"796",176696.148041352,118042.386368563,235349.90971414
"797",223444.24945897,164749.614093187,282138.884824754
"798",172028.518785122,113298.797524959,230758.240045284
"799",182114.397839859,123519.311794629,240709.48388509
"800",162030.230236548,103293.820639049,220766.639834046
"801",234149.526650253,174711.761771229,293587.291529278
"802",255488.303536329,196096.834054501,314879.773018158
"803",327162.67287014,267718.882652356,386606.463087925
"804",466132.176104686,406031.381173678,526232.971035695
"805",173855.546174441,115027.584901613,232683.507447268
"806",300687.746245032,241290.377255423,360085.115234642
"807",347560.936383115,288102.001398986,407019.871367245
"808",408129.242437675,348254.413286771,468004.07158858
"809",156908.500811631,98268.371227322,215548.630395939
"810",176306.861635351,117522.652442705,235091.070827996
"811",212173.038275918,153551.576587298,270794.499964538
"812",191013.822682589,132387.398260626,249640.247104553
"813",147738.592325497,89099.5160457412,206377.668605253
"814",173375.671064074,114749.761491635,232001.580636514
"815",187545.297399509,128735.145401599,246355.449397419
"816",178471.599797818,119838.860658202,237104.338937433
"817",185249.469764076,126673.981571891,243824.95795626
"818",151435.92889636,93063.6439021821,209808.213890539
"819",121343.175462485,62937.8335184743,179748.517406496
"820",90634.3787341233,32279.8545863433,148988.902881903
"821",183355.415010043,124844.126354497,241866.703665589
"822",184971.833358137,126463.177120527,243480.489595747
"823",102025.973527541,42068.225545677,161983.721509405
"824",113299.934555157,53342.6470270953,173257.222083218
"825",137764.096177189,76343.6939028241,199184.498451553
"826",114020.784615016,55703.5834479647,172337.985782068
"827",365470.441798389,306607.937654699,424332.945942078
"828",287048.140388808,228372.59299425,345723.687783365
"829",325829.324939399,267081.382707881,384577.267170916
"830",425329.043731383,366408.140676081,484249.946786685
"831",303183.215845793,244411.366793866,361955.06489772
"832",409629.66928797,350709.301984221,468550.036591719
"833",444703.996488396,385723.256961306,503684.736015485
"834",350759.217090365,291983.586759687,409534.847421044
"835",436849.273409232,377867.572573255,495830.97424521
"836",301617.128641517,242952.708971169,360281.548311864
"837",349702.394300777,290596.362834315,408808.425767239
"838",369390.83436904,310525.919730787,428255.749007293
"839",352561.437986241,293713.874767714,411409.001204768
"840",306371.003091106,247663.071985187,365078.934197025
"841",263310.914277229,204584.432863917,322037.39569054
"842",260785.866889688,202029.336732234,319542.397047141
"843",267908.519492071,209154.684529727,326662.354454414
"844",273021.523780646,214276.534928966,331766.512632325
"845",221272.747590358,162509.403537151,280036.091643564
"846",221272.747590358,162509.403537151,280036.091643564
"847",219355.264175748,160572.821956341,278137.706395155
"848",265623.180527747,206958.113373325,324288.24768217
"849",338800.468855224,279876.905952892,397724.031757555
"850",243192.70159309,184493.260055189,301892.143130991
"851",234278.293368421,175574.668449322,292981.91828752
"852",174917.502959229,116260.144909303,233574.861009156
"853",177972.425941102,119367.334407972,236577.517474231
"854",173549.390323011,114851.927336347,232246.853309674
"855",176525.426126709,117919.14601854,235131.706234878
"856",184582.08752715,125962.370280199,243201.804774101
"857",175744.288432183,117024.416334535,234464.160529831
"858",169421.066922744,110779.609447622,228062.524397866
"859",176251.609332853,117609.416822075,234893.801843631
"860",186056.762812211,127370.165216302,244743.36040812
"861",220007.286042304,160131.540642902,279883.031441705
"862",178956.807981933,119097.639406726,238815.97655714
"863",163563.755816382,104893.242170819,222234.269461944
"864",167918.295325116,109270.033891261,226566.556758972
"865",219315.063136712,160665.879680589,277964.246592835
"866",168562.123261174,109915.452817951,227208.793704397
"867",213394.643443454,154813.624199212,271975.662687696
"868",215677.197359789,157092.416092522,274261.978627056
"869",189174.510592861,130571.332128349,247777.689057373
"870",188449.609028778,129846.314699859,247052.903357698
"871",361726.037384442,302760.203131412,420691.871637473
"872",374426.035102692,315479.999600749,433372.070604635
"873",335458.79059349,276583.871651287,394333.709535692
"874",296248.166104254,237333.518417525,355162.813790982
"875",294776.989782911,235854.939663762,353699.039902059
"876",337480.224301118,278561.032356881,396399.416245355
"877",211472.217054155,152928.48906863,270015.945039681
"878",256108.103232124,197515.73689955,314700.469564698
"879",239774.596655514,181184.334789295,298364.858521732
"880",387303.678472771,327974.596394943,446632.760550599
"881",228125.612246263,169531.96031937,286719.264173155
"882",231683.862750928,173079.414659238,290288.310842619
"883",233318.168125319,174750.731166093,291885.605084544
"884",227652.121193541,169083.576019527,286220.666367556
"885",254175.422851253,195594.314640675,312756.531061832
"886",220269.84852702,161702.661956435,278837.035097605
"887",207399.49053334,148857.462820021,265941.518246658
"888",228133.633881273,169570.568212135,286696.699550411
"889",175887.327867565,117181.113277163,234593.542457967
"890",254733.656509765,196146.585173216,313320.727846314
"891",311301.273829916,252084.868845013,370517.678814819
"892",259853.428541655,201273.912413818,318432.944669492
"893",259963.316046993,201211.512162253,318715.119931733
"894",140754.385463335,81786.8474731769,199721.923453493
"895",156672.588337578,97706.5014666523,215638.675208504
"896",151878.216111749,93039.2773775495,210717.154845948
"897",207631.732515913,148857.925123186,266405.539908641
"898",186589.214058323,127825.726186314,245352.701930332
"899",151842.417784467,92893.735905246,210791.099663688
"900",109914.98690047,51337.4548401248,168492.518960815
"901",134232.70758899,75577.4328989765,192887.982279003
"902",286867.945701059,225959.686215221,347776.205186896
"903",125814.694605928,67239.8736357177,184389.515576138
"904",163286.937503584,104594.293814218,221979.58119295
"905",228561.049207866,169985.892138177,287136.206277555
"906",199609.542943266,141020.089332359,258198.996554173
"907",232555.508225505,173954.916609647,291156.099841363
"908",212787.777031636,154208.398835096,271367.155228177
"909",235213.403215947,176619.241832034,293807.56459986
"910",183354.376084322,124614.229396234,242094.52277241
"911",180360.186905497,121762.126407175,238958.247403819
"912",208160.142872719,149616.699533521,266703.586211916
"913",260485.321725927,201801.898757662,319168.744694192
"914",302175.76294073,243370.92970942,360980.596172041
"915",254946.097470141,194126.27478961,315765.920150672
"916",301344.352926609,240392.427122136,362296.278731083
"917",349216.317993646,288185.007455381,410247.628531911
"918",129186.844160089,70534.4133177873,187839.275002391
"919",211564.265643295,152900.643990171,270227.887296419
"920",130817.055960927,72160.5852774809,189473.526644374
"921",153913.412490577,95259.0531798606,212567.771801294
"922",190642.363707701,132046.412092607,249238.315322794
"923",205974.716957148,147327.374866778,264622.059047517
"924",216428.598223333,157713.574819824,275143.621626841
"925",142833.76823335,84204.8446888994,201462.691777801
"926",122865.906485071,64175.0902776316,181556.722692511
"927",126523.439547505,68163.6683686273,184883.210726382
"928",87462.9780237459,28915.6691595191,146010.286887973
"929",121417.535946182,63079.9553008734,179755.116591491
"930",129749.661388163,71423.5751747857,188075.747601539
"931",135804.261522137,77338.3452204051,194270.17782387
"932",101980.363089281,43647.5388131508,160313.18736541
"933",165955.319754109,107538.178590064,224372.460918154
"934",133121.257183084,74763.5726329323,191478.941733236
"935",206897.047114264,148437.725871123,265356.368357406
"936",154601.257054357,96257.7908637457,212944.723244968
"937",203082.744513301,144687.128177435,261478.360849167
"938",121622.538332022,63228.7943379632,180016.28232608
"939",49228.4864453695,-11444.8870455854,109901.859936324
"940",37802.3174488468,-21030.890140552,96635.5250382456
"941",113627.74021774,54845.2040991711,172410.276336308
"942",118248.743497781,59902.137314535,176595.349681027
"943",180316.162337451,121834.15089848,238798.173776421
"944",133588.443905478,75263.9044154591,191912.983395498
"945",160090.833884229,101749.872846045,218431.794922413
"946",131617.430511924,73194.8773997026,190039.983624146
"947",109916.382421753,51577.9051161187,168254.859727388
"948",131872.490294048,73482.0325697774,190262.948018319
"949",132327.626647953,73995.773722974,190659.479572932
"950",204703.432623317,146017.956338608,263388.908908026
"951",103066.737628948,44728.801489871,161404.673768024
"952",152268.650411145,93930.8812087233,210606.419613567
"953",128141.763508946,69788.9945063223,186494.53251157
"954",131968.804940929,73546.0210254329,190391.588856424
"955",164125.459953367,105707.834059661,222543.085847073
"956",119244.685095391,60842.370232861,177646.999957921
"957",122574.709229184,64174.7818542151,180974.636604152
"958",117916.922696493,59494.0342797725,176339.811113213
"959",132613.917169274,74186.5431737591,191041.291164788
"960",122638.480820842,64122.9654930614,181153.996148622
"961",139916.216010172,81470.2085036742,198362.22351667
"962",88835.804398397,30320.5841734473,147351.024623347
"963",112244.360111454,53316.0495108171,171172.67071209
"964",181807.236598827,123344.77911697,240269.694080685
"965",258485.530500739,199124.968748892,317846.092252585
"966",124315.873205062,65713.2689566902,182918.477453433
"967",113552.70827974,54953.3643580566,172152.052201424
"968",187590.895976546,128969.502034097,246212.289918994
"969",99984.5960153689,41642.4031606584,158326.78887008
"970",120489.889251188,62118.2121569088,178861.566345467
"971",124917.037178236,66567.3983750146,183266.675981457
"972",128949.20824695,70532.9444217642,187365.472072136
"973",133856.966547723,75521.4885533123,192192.444542135
"974",131669.879674559,73323.1436682113,190016.615680907
"975",160882.465502046,102399.505912525,219365.425091567
"976",73585.2952143701,15087.4715954068,132083.118833333
"977",99464.8693455367,41131.275340943,157798.46335013
"978",112320.8195846,53974.5130982069,170667.126070993
"979",105792.553853781,47074.9394041797,164510.168303382
"980",122289.756066502,63735.9173358969,180843.594797107
"981",95123.9534871095,36551.0567547611,153696.850219458
"982",105020.218881943,46451.2521597324,163589.185604154
"983",106828.925948766,48105.7945132045,165552.057384327
"984",127870.641659793,69240.021660021,186501.261659565
"985",68738.1035243273,10224.0625056198,127252.144543035
"986",122454.294135917,63854.301155348,181054.287116487
"987",194432.131200407,135604.469567751,253259.792833062
"988",136049.933389795,77532.4928540742,194567.373925516
"989",95825.3079705135,37322.4375783545,154328.178362672
"990",153165.673601619,94698.4944688643,211632.852734373
"991",127278.156660702,68711.4156830802,185844.897638323
"992",213590.673218548,155005.172092786,272176.174344311
"993",46382.8065881917,-12201.5896622077,104967.202838591
"994",94727.2051427903,35985.8089201283,153468.601365452
"995",130818.822864651,72053.6879544734,189583.957774828
"996",130374.582200105,71640.2267405397,189108.937659671
"997",130357.446179712,71595.644695789,189119.247663636
"998",134539.194136721,75635.2102592507,193443.178014191
"999",99891.1415793959,40913.9926729369,158868.290485855
"1000",156446.395091579,97681.1262295342,215211.663953624
"1001",116315.422309094,57600.7060106891,175030.138607499
"1002",152418.901980092,93653.8550943962,211183.948865788
"1003",120338.62384942,61617.0632495571,179060.184449283
"1004",189396.334972694,130824.579459813,247968.090485575
"1005",145232.737832463,86420.6851571726,204044.790507754
"1006",129916.357744948,71139.7592163025,188692.956273593
"1007",148813.029506023,90233.2769157141,207392.782096332
"1008",82285.16912134,23790.6298141392,140779.708428541
"1009",95965.0960513579,37455.0033090029,154475.188793713
"1010",192368.839014696,133176.121801471,251561.556227922
"1011",203819.194027647,144443.131315347,263195.256739947
"1012",197610.941352713,138411.540303382,256810.342402044
"1013",102512.064361555,43470.5589813707,161553.56974174
"1014",101637.771866174,41037.6125675074,162237.93116484
"1015",231982.188858255,173168.634941674,290795.742774835
"1016",101909.752625759,42542.7551384955,161276.750113022
"1017",111119.866853771,52524.839353031,169714.894354511
"1018",175897.359016853,117274.874150671,234519.843883034
"1019",108143.349102278,49533.9995494999,166752.698655057
"1020",146288.31864876,87454.9456866522,205121.691610868
"1021",116341.991192108,57745.2943141685,174938.688070048
"1022",120060.3830783,61428.1003608865,178692.665795714
"1023",104375.217930638,45782.5742550206,162967.861606255
"1024",119302.602527542,60696.5663143984,177908.638740686
"1025",107674.636006807,49084.1138823105,166265.158131304
"1026",162477.957714311,103842.402381831,221113.513046792
"1027",220191.523984135,161251.221854514,279131.826113757
"1028",167832.255669248,108914.903313584,226749.608024911
"1029",167060.189341744,108438.402862524,225681.975820965
"1030",157264.823681239,98468.3140702677,216061.333292211
"1031",71669.3656819419,10731.1297858755,132607.601578008
"1032",200898.517317477,141670.425096256,260126.609538699
"1033",143660.268252577,84949.514988348,202371.021516806
"1034",165128.226937545,106508.730563184,223747.723311906
"1035",91958.0892912402,33404.9850868591,150511.193495621
"1036",260695.678315466,201389.804765234,320001.551865698
"1037",152857.864766545,94281.928173241,211433.801359848
"1038",85955.7272678787,26478.3695317743,145433.085003983
"1039",75696.2292919299,17052.6488969047,134339.809686955
"1040",122363.497877582,63693.7893575552,181033.206397608
"1041",134448.313408382,75865.5751458879,193031.051670877
"1042",156722.776612602,98158.9612800545,215286.59194515
"1043",113081.481300665,52450.9999488667,173711.962652463
"1044",198300.612482725,139548.301642155,257052.923323294
"1045",212554.560781472,153813.254300035,271295.86726291
"1046",259825.967172194,201347.242130339,318304.692214048
"1047",293708.769518084,235080.900650112,352336.638386056
"1048",259825.967172194,201347.242130339,318304.692214048
"1049",227829.887807169,169387.886918582,286271.888695756
"1050",238719.492806856,180282.480551705,297156.505062007
"1051",193611.41898113,135215.801113831,252007.03684843
"1052",209286.133612669,150865.957577239,267706.309648098
"1053",213375.672332902,154648.748333428,272102.596332377
"1054",233473.427664144,173969.150077254,292977.705251034
"1055",153104.881825922,94548.4446430288,211661.319008816
"1056",160561.678644752,102045.492437361,219077.864852142
"1057",135661.390970873,77170.6038947458,194152.178047
"1058",139600.548130496,81066.6021465967,198134.494114395
"1059",223463.895665248,165050.058832796,281877.7324977
"1060",210332.328810372,151905.647483976,268759.010136767
"1061",198530.881390634,140112.809584099,256948.953197169
"1062",217651.194073229,159231.724807075,276070.663339384
"1063",121544.117441636,63045.3662121696,180042.868671103
"1064",139485.338387735,80928.6190780663,198042.057697404
"1065",146751.295365067,88187.7859633958,205314.804766738
"1066",148419.478465482,89860.4143215037,206978.542609461
"1067",118335.513266921,59831.6186398334,176839.407894009
"1068",121152.959569216,62655.3982049938,179650.520933438
"1069",135095.531272694,76573.7320475747,193617.330497814
"1070",116360.355587942,57616.3016371604,175104.409538724
"1071",236019.195375391,177593.807440175,294444.583310606
"1072",228140.936528336,169721.817739529,286560.055317144
"1073",202385.652020489,143968.193724954,260803.110316025
"1074",233844.901413327,175389.895301378,292299.907525275
"1075",281103.743868744,222616.165149992,339591.322587496
"1076",235146.061598586,176561.282907447,293730.840289725
"1077",215737.382917409,157278.132307266,274196.633527553
"1078",187769.165838173,129345.378292487,246192.953383859
"1079",188026.039464448,129626.179679815,246425.89924908
"1080",192185.725799921,133729.05623054,250642.395369302
"1081",193789.006802877,135340.786073644,252237.227532109
"1082",161522.043698585,102998.960198798,220045.127198372
"1083",119846.713701017,61303.2730503224,178390.154351713
"1084",116586.475456235,58021.2893924183,175151.661520053
"1085",141219.617301729,82621.2748197762,199817.959783683
"1086",150635.978696705,92008.634371399,209263.32302201
"1087",146945.19507203,88351.0153219356,205539.374822124
"1088",158083.73429623,99234.4811674081,216932.987425051
"1089",147139.10643332,88548.0519235888,205730.160943051
"1090",645849.310427361,583451.689900777,708246.930953944
"1091",136698.153899202,78040.0652137646,195356.24258464
"1092",125898.677731273,67344.412471842,184452.942990705
"1093",59428.4183316292,773.476073210295,118083.360590048
"1094",111338.24074634,52703.2860297989,169973.195462881
"1095",122171.372627908,63529.3613419583,180813.383913857
"1096",88484.5844067715,29882.3568008023,147086.812012741
"1097",95180.450723856,36598.5208634915,153762.38058422
"1098",168541.386322887,108873.758691145,228209.01395463
"1099",159454.866679918,100516.526536955,218393.206822881
"1100",167559.831234079,108691.187744536,226428.474723622
"1101",160486.823879696,101541.308254884,219432.339504508
"1102",151665.773232651,92819.5086356074,210512.037829696
"1103",171219.352513526,112419.026757575,230019.678269478
"1104",203350.06146368,144523.314136741,262176.808790619
"1105",117203.300757749,58221.1817640861,176185.419751413
"1106",175499.888411975,116506.943177681,234492.833646269
"1107",144465.764456208,85536.7064051161,203394.822507299
"1108",225242.491825475,166160.879663221,284324.103987729
"1109",212603.891876094,153725.91125262,271481.872499568
"1110",116053.816520434,44803.2579462371,187304.37509463
"1111",201923.21056574,142722.292283588,261124.128847893
"1112",150898.687820286,79412.359928445,222385.015712126
"1113",245809.743330978,186892.55629977,304726.930362186
"1114",263031.691123127,203851.807246455,322211.574999799
"1115",126499.983861266,67320.8773076927,185679.090414839
"1116",132696.230528046,73304.0717891979,192088.389266894
"1117",NA,NA,NA
"1118",72650.7662163132,13593.4336813815,131708.098751245
"1119",18171.0338472824,-41122.0320335423,77464.0997281071
"1120",153212.721367155,93838.8632941807,212586.579440129
"1121",118745.376525051,59555.5765636864,177935.176486416
"1122",109320.524481655,50041.6345667691,168599.414396541
"1123",250321.077536689,191356.361473504,309285.793599874
"1124",160778.005753812,101987.757127534,219568.25438009
"1125",184579.336436611,125538.932068446,243619.740804776
"1126",204728.76316095,145792.694717866,263664.831604034
"1127",202209.895821294,143368.678250744,261051.113391845
"1128",133251.196912261,74316.8254453382,192185.568379184
"1129",145820.787501752,86995.0895034478,204646.485500056
"1130",231181.160730305,172118.953774205,290243.367686406
"1131",219712.906907578,160492.848994957,278932.964820199
"1132",234295.307668062,175199.367221958,293391.248114167
"1133",246087.531006067,187086.661048966,305088.400963167
"1134",192251.273084426,133159.196982106,251343.349186746
"1135",212185.506942151,153092.691382257,271278.322502045
"1136",282619.574791715,223614.464988188,341624.684595243
"1137",215965.591174609,156943.666748494,274987.515600723
"1138",263710.402944339,204611.430735246,322809.375153432
"1139",371846.952414387,312118.387293568,431575.517535205
"1140",134090.652283395,74375.5176962339,193805.786870556
"1141",136883.435438172,78073.858138414,195693.01273793
"1142",86213.8481512853,26348.9275854961,146078.768717075
"1143",81681.5650742034,21815.3964176132,141547.733730794
"1144",75194.0677435574,15281.2317596417,135106.903727473
"1145",89022.9194823055,29158.266386293,148887.572578318
"1146",138857.873212925,79998.2429266403,197717.503499209
"1147",172743.344617587,113956.241894155,231530.447341019
"1148",194911.227049948,135903.941134841,253918.512965054
"1149",147398.399904792,88565.6610911604,206231.138718423
"1150",85746.0712005203,26818.939849395,144673.202551646
"1151",149506.344184946,90552.6559471738,208460.032422717
"1152",147012.214939658,88208.8162798156,205815.613599501
"1153",102559.850621011,43759.3572433857,161360.343998637
"1154",109092.551796736,50302.9277266966,167882.175866775
"1155",146797.305221694,88419.0143315746,205175.596111813
"1156",139398.370796931,80882.1679043658,197914.573689496
"1157",205505.505179578,146918.691645533,264092.318713624
"1158",191161.229562189,132647.818580305,249674.640544073
"1159",225234.253054969,166764.689181021,283703.816928916
"1160",174990.492038225,116396.812297253,233584.171779197
"1161",181134.87891812,122541.575190414,239728.182645825
"1162",188956.080867647,130355.513239343,247556.648495952
"1163",243031.838071578,184427.740923899,301635.935219258
"1164",270090.777119949,211361.109499518,328820.444740381
"1165",348073.873503322,288472.217737776,407675.529268869
"1166",167196.711385307,108553.492948144,225839.929822471
"1167",234114.736453939,174500.803699371,293728.669208506
"1168",358112.866603079,298645.920066097,417579.813140061
"1169",470121.506461374,410028.746392676,530214.266530071
"1170",331745.456304793,272297.860908904,391193.051700682
"1171",445005.483973167,385114.980835549,504895.987110784
"1172",357287.670350138,297819.885634983,416755.455065293
"1173",307294.394538687,247896.10899122,366692.680086153
"1174",407509.223603462,347586.722545799,467431.724661125
"1175",148904.068392002,90275.652242468,207532.484541536
"1176",192506.136683771,133904.063768119,251108.209599422
"1177",161691.855395357,102854.851383577,220528.859407137
"1178",251201.545158512,192568.091986522,309834.998330502
"1179",180912.686289805,122259.08559621,239566.286983399
"1180",137319.952922662,78672.7414036268,195967.164441698
"1181",103053.470538133,44664.4839166662,161442.457159601
"1182",185780.553602033,127234.129484976,244326.97771909
"1183",109181.504498494,49204.2748339183,169158.734163069
"1184",127697.986757764,67632.823897323,187763.149618206
"1185",97491.2713441464,37530.1671651119,157452.375523181
"1186",92980.3161123071,33014.3636819092,152946.268542705
"1187",101659.121209049,41700.9837678306,161617.258650268
"1188",139267.271030791,77945.6132930892,200588.928768493
"1189",141937.417562624,83607.3256203071,200267.509504941
"1190",136830.119073921,75408.6406160737,198251.597531769
"1191",152860.86349678,91543.8578264211,214177.869167139
"1192",344045.005489878,285302.827320474,402787.183659282
"1193",280545.968116428,221862.505343486,339229.43088937
"1194",270562.052438192,211792.925974878,329331.178901506
"1195",384401.079104744,325475.225128403,443326.933081084
"1196",296515.367675217,237765.710999067,355265.024351368
"1197",364361.560985905,305444.467908427,423278.654063382
"1198",287316.654462414,228602.303251517,346031.005673311
"1199",292959.248133567,234213.935951657,351704.560315478
"1200",311634.223306708,252944.798158733,370323.648454682
"1201",371885.533727607,313006.19266919,430764.874786024
"1202",366080.177892944,307214.395178117,424945.960607771
"1203",283447.083416232,224796.9106154,342097.256217065
"1204",337301.370640253,278373.001820384,396229.739460121
"1205",299441.734255233,240713.788641549,358169.679868918
"1206",347082.777242022,288176.369934672,405989.184549372
"1207",172187.990887965,113579.096937507,230796.884838424
"1208",179664.025955209,121024.601422095,238303.450488323
"1209",178690.026075627,119984.842458642,237395.209692612
"1210",262181.44035498,203547.455994271,320815.424715689
"1211",179664.025955209,121024.601422095,238303.450488323
"1212",183999.031541818,124146.398269388,243851.664814248
"1213",193314.575694243,133453.203219179,253175.948169306
"1214",195411.338309287,135546.975567134,255275.70105144
"1215",161905.587874211,101998.730282683,221812.445465739
"1216",196434.165944234,137857.939765669,255010.392122798
"1217",201019.934313446,142397.357467502,259642.511159389
"1218",238716.930996981,179994.66752042,297439.194473543
"1219",298116.025849189,239121.351712359,357110.699986019
"1220",311002.638279368,252094.534723351,369910.741835385
"1221",366995.643528613,308079.28957616,425911.997481067
"1222",338357.816109334,279474.817631759,397240.814586909
"1223",411352.504297038,352318.188611323,470386.819982754
"1224",328069.431674532,269182.099920565,386956.763428498
"1225",338590.099770742,279695.068491894,397485.13104959
"1226",258572.808079015,200027.965510743,317117.650647287
"1227",269571.972197291,210950.037709476,328193.906685106
"1228",230254.748402998,171662.879156381,288846.617649616
"1229",214299.040818443,155729.538943775,272868.542693111
"1230",336960.832979164,278214.14375492,395707.522203409
"1231",199940.31878979,141347.398762568,258533.238817012
"1232",143545.016624892,84580.5421639715,202509.491085813
"1233",203119.899608813,144344.165694066,261895.633523559
"1234",142988.828615195,84021.8517552717,201955.805475118
"1235",194117.530144929,135367.397013245,252867.663276613
"1236",184913.535673098,126154.556890148,243672.514456048
"1237",197360.6826888,138536.524096288,256184.841281311
"1238",178469.980029814,119712.406976536,237227.553083092
"1239",182919.817574214,124147.105987203,241692.529161225
"1240",165373.535831309,106615.058404631,224132.013257988
"1241",150804.883788831,92032.651628761,209577.115948901
"1242",125147.431898196,66500.4959833065,183794.367813086
"1243",139108.174735753,80237.0486931333,197979.300778372
"1244",153393.456784595,94730.3731717177,212056.540397473
"1245",113146.220070243,54554.9085547673,171737.531585719
"1246",106401.591328791,47813.3634687019,164989.81918888
"1247",114535.880882892,55928.1656846422,173143.596081141
"1248",116421.417502625,57829.4684690485,175013.366536202
"1249",94134.1571888574,35437.4365998898,152830.877777825
"1250",116802.571251503,58194.5059374547,175410.636565551
"1251",330359.28343646,269015.472819596,391703.094053324
"1252",365824.120340044,306672.908328324,424975.332351764
"1253",199109.537809068,140536.669009902,257682.406608233
"1254",172610.23888383,114040.285551564,231180.192216095
"1255",177884.020281851,119291.195928785,236476.844634917
"1256",162964.161135715,104372.384173533,221555.938097897
"1257",199332.176036877,140709.373662268,257954.978411485
"1258",244746.522644736,186168.471164633,303324.574124838
"1259",132705.325338049,74055.0253243434,191355.625351755
"1260",166429.20189978,107711.72993256,225146.673867
"1261",125895.518289681,67571.0053131653,184220.031266197
"1262",158246.350114506,99868.2181271766,216624.482101834
"1263",152885.58695562,94426.9850054252,211344.188905814
"1264",103650.404244503,45327.3608762317,161973.447612774
"1265",115404.27141958,57074.4341629235,173734.108676237
"1266",135682.825373084,77343.4615820186,194022.18916415
"1267",188284.378976658,129743.241580715,246825.516372602
"1268",162144.45303072,103822.101718467,220466.804342972
"1269",140455.041411726,82114.1428830117,198795.93994044
"1270",130628.412030298,72273.3625584144,188983.461502181
"1271",108916.224163345,50466.7419986938,167365.706327996
"1272",114117.791998957,55753.1321574738,172482.451840439
"1273",165777.976256657,107412.155719115,224143.7967942
"1274",159759.74063015,101333.659614366,218185.821645935
"1275",119056.995279682,60695.8778443864,177418.112714978
"1276",147774.967244625,89377.7792755119,206172.155213738
"1277",108080.22099526,49746.6644520687,166413.777538452
"1278",170335.478361755,111922.620081504,228748.336642007
"1279",166699.903857285,108240.473279339,225159.334435231
"1280",129127.954544712,70764.1192923194,187491.789797104
"1281",143309.526415987,84972.0921255256,201646.960706448
"1282",158392.040006545,100056.155332056,216727.924681034
"1283",137946.700898691,79607.3529170316,196286.04888035
"1284",155497.031501034,97110.9526655405,213883.110336528
"1285",140371.300787572,81947.8418513198,198794.759723824
"1286",126020.061463663,67603.4620909704,184436.660836355
"1287",134116.173669007,75595.5859253442,192636.761412669
"1288",108527.586053517,50022.5003566672,167032.671750367
"1289",118505.184894447,60160.2924712341,176850.077317659
"1290",113252.091036681,54908.6953606813,171595.48671268
"1291",110806.087500644,52440.5173902992,169171.657610989
"1292",231125.337448391,172209.883151762,290040.791745019
"1293",169565.155221206,110991.173769912,228139.136672501
"1294",257912.366336172,198804.460715601,317020.271956742
"1295",141148.132819925,82701.412940056,199594.852699794
"1296",63746.7675320493,5041.2678178896,122452.267246209
"1297",74072.8487700019,15509.5727428373,132636.124797166
"1298",62138.3685664205,3563.66536802758,120713.071764814
"1299",137766.306006446,79228.2791779978,196304.332834894
"1300",141434.945546593,82778.6737304719,200091.217362714
"1301",141469.100255884,83116.1695165571,199822.03099521
"1302",144745.107909396,86368.3151385188,203121.900680272
"1303",204904.471558587,146418.603149276,263390.339967899
"1304",139734.841826398,81039.5571365327,198430.126516263
"1305",258007.006830513,199404.770591207,316609.243069818
"1306",130434.285271387,71986.9417032072,188881.628839567
"1307",56059.9299217221,-2543.95043456221,114663.810278006
"1308",144845.803391798,86252.8667126161,203438.740070979
"1309",122853.127004137,64514.1436471238,181192.11036115
"1310",147533.725909425,89048.1556626318,206019.296156219
"1311",101172.439236332,42842.0628840405,159502.815588624
"1312",101021.834004374,42579.8128356556,159463.855173092
"1313",165705.467930437,106949.277393798,224461.658467075
"1314",127994.326937436,69433.9134521837,186554.740422688
"1315",129813.000874995,71181.9001533699,188444.10159662
"1316",138838.71343665,80327.3074748373,197350.119398464
"1317",143541.441038749,84961.485372981,202121.396704517
"1318",100874.940845651,42136.0565540584,159613.825137244
"1319",136119.998492431,77185.0324065198,195054.964578343
"1320",103156.29981812,44590.2471227677,161722.352513472
"1321",73095.168294615,14565.2342766844,131625.102312546
"1322",66161.6280331884,7586.15962398359,124737.096442393
"1323",73074.072311247,14437.0295215917,131711.115100902
"1324",99299.6230612903,40756.604012424,157842.642110157
"1325",118159.724318476,59665.7519463758,176653.696690577
"1326",19540.3311269876,-39103.3607270107,78184.0229809858
"1327",105975.5004447,47444.510445587,164506.490443814
"1328",49372.8846351894,-9247.64207867037,107993.411349049
"1329",201844.414061504,143220.837044106,260467.991078902
"1330",77385.797662963,18812.1875950788,135959.407730847
"1331",102351.688463389,43797.7088792691,160905.668047508
"1332",64084.478929966,3414.03342816624,124754.924431766
"1333",182301.844705585,123499.403839527,241104.285571643
"1334",86097.2848117032,26930.6016408998,145263.967982507
"1335",126393.255291413,67673.9196914159,185112.59089141
"1336",91972.0966048337,33242.4864870727,150701.706722595
"1337",220254.837377903,161611.326417158,278898.348338647
"1338",95629.0393544765,36567.0771952047,154691.001513748
"1339",117954.761559352,57104.981298695,178804.541820009
"1340",61860.7043149502,2771.13746014075,120950.27116976
"1341",106888.167937527,47803.439123384,165972.896751669
"1342",131701.647373199,73046.6113384447,190356.683407954
"1343",213903.752395439,155063.497077046,272744.007713833
"1344",119757.523011455,60880.2949662758,178634.751056633
"1345",82177.5879477678,23469.9600503112,140885.215845224
"1346",73740.2843141961,14284.0177448181,133196.550883574
"1347",137515.310830507,77872.5174150017,197158.104246013
"1348",137849.366195957,79241.120138158,196457.612253756
"1349",120589.986520242,61928.6793860514,179251.293654432
"1350",118830.774948531,60236.8898664357,177424.660030627
"1351",160847.683765669,102251.15152465,219444.216006688
"1352",152461.82338881,93802.8038929512,211120.842884669
"1353",211011.923141673,152153.71750915,269870.128774197
"1354",209745.432069555,150897.210616216,268593.653522895
"1355",107126.403666749,48459.1925224445,165793.614811054
"1356",251573.649058353,192209.820024033,310937.478092672
"1357",158118.798483752,98697.5215721372,217540.075395366
"1358",110993.371028587,52360.5079406744,169626.2341165
"1359",183561.700027879,123955.358919454,243168.041136303
"1360",130228.70509714,71621.9754042525,188835.434790028
"1361",121373.999099368,62637.9182060326,180110.079992704
"1362",195807.864484302,136913.437456252,254702.291512352
"1363",335039.792313638,275656.612514751,394422.972112525
"1364",183438.346670111,124754.533018439,242122.160321783
"1365",136860.253938195,78046.6850579399,195673.822818451
"1366",129443.094551251,70899.1005587102,187987.088543792
"1367",150934.755663028,92353.6027890308,209515.908537026
"1368",230095.055915441,171207.327242695,288982.784588186
"1369",199341.627566356,140446.300494166,258236.954638545
"1370",238676.104995148,180223.130346808,297129.079643487
"1371",192432.869726839,134029.064272925,250836.675180753
"1372",237142.141411745,178593.313283136,295690.969540355
"1373",240830.426266533,182365.293658782,299295.558874284
"1374",214635.992478255,156219.441399548,273052.543556962
"1375",232618.009316671,174199.924677213,291036.093956129
"1376",196993.037676332,138571.076383952,255414.998968713
"1377",193646.621124359,134386.686126335,252906.556122383
"1378",148796.700115511,90302.4752125586,207290.925018464
"1379",179462.446798956,120999.631945785,237925.261652127
"1380",205413.773612962,146884.34747605,263943.199749875
"1381",200597.234419487,142171.487417098,259022.981421875
"1382",217398.316559589,158986.275015928,275810.358103251
"1383",147982.675527079,89457.0962266264,206508.254827533
"1384",168107.151918086,109607.094984085,226607.208852088
"1385",113480.52350893,54962.5787471648,171998.468270695
"1386",204910.562004149,146484.974364374,263336.149643923
"1387",197160.040817907,138620.362281796,255699.719354017
"1388",214961.80571926,156491.732362862,273431.879075658
"1389",211353.785706374,152915.588391773,269791.983020974
"1390",257776.31272975,199321.901538955,316230.723920545
"1391",228909.005209337,170467.331600177,287350.678818496
"1392",225934.430713025,167393.054177482,284475.807248569
"1393",227121.054626074,168685.07458351,285557.034668637
"1394",141187.888299999,82744.6598443964,199631.116755602
"1395",203434.177824027,145037.57399155,261830.781656503
"1396",205420.556031817,147002.07558837,263839.036475265
"1397",196206.103680334,137786.089374203,254626.117986465
"1398",198255.219578897,139857.626853062,256652.812304731
"1399",134319.056392528,75687.2027124601,192950.910072595
"1400",115635.401285158,57021.6021527622,174249.200417554
"1401",131350.405762303,72847.9655554564,189852.845969149
"1402",202360.646688609,143623.420923639,261097.872453578
"1403",118518.59848554,59844.9497462465,177192.247224834
"1404",239723.809466323,180997.138211486,298450.480721159
"1405",137065.006217694,78402.0159956062,195727.996439782
"1406",189422.301432364,130722.477610941,248122.125253786
"1407",78281.0993659624,19751.0227916982,136811.175940227
"1408",139598.235194067,80984.6230356008,198211.847352533
"1409",131912.259607058,73298.202615129,190526.316598987
"1410",145870.128286089,87238.2897268746,204501.966845304
"1411",108066.623276978,49409.3775007642,166723.869053192
"1412",28416.5328692034,-30308.7844798608,87141.8502182676
"1413",111225.245654926,52682.8030381664,169767.688271686
"1414",117748.88014412,58357.0030429378,177140.757245301
"1415",117621.719640085,58157.2998935186,177086.139386651
"1416",159947.06177228,100282.951789481,219611.17175508
"1417",116270.993776661,56853.5546091873,175688.432944136
"1418",183672.73070213,124790.196288561,242555.265115699
"1419",127986.598037101,68458.2165718421,187514.97950236
"1420",96647.8086117249,37257.9031760413,156037.714047409
"1421",168829.597717312,110017.940438045,227641.254996578
"1422",172129.461635119,113307.409849239,230951.513420998
"1423",199870.96714664,140880.064925676,258861.869367603
"1424",211165.192381244,152243.515591336,270086.869171153
"1425",182720.708473305,123930.91063313,241510.506313479
"1426",230052.009286783,170963.047833366,289140.970740199
"1427",90752.2963403132,31717.2519380927,149787.340742534
"1428",126043.292551996,66962.2921493421,185124.29295465
"1429",36807.2660192423,-22277.7032635991,95892.2353020838
"1430",53275.4170644458,-5761.3690896996,112312.203218591
"1431",145027.82821008,85962.968433266,204092.687986894
"1432",13584.5652472532,-45601.9016933881,72771.0321878945
"1433",94802.8159069829,34084.7075625364,155520.924251429
"1434",31254.9146680581,-27909.8680274352,90419.6973635514
"1435",257685.929165499,198744.704513916,316627.153817082
"1436",252569.233578115,193607.888282662,311530.578873569
"1437",201739.508733908,142915.026421653,260563.991046164
"1438",197878.190923153,139012.946023499,256743.435822807
"1439",211036.506158472,151994.459047468,270078.553269476
"1440",152366.419715906,93574.195958182,211158.64347363
"1441",220011.758823047,160834.805573123,279188.712072971
"1442",196814.72636525,137746.246032116,255883.206698384
"1443",288819.561569182,229799.348563425,347839.77457494
"1444",350807.250277562,291179.802072618,410434.698482506
"1445",56712.0378487709,-2977.90477499312,116401.980472535
"1446",195853.710808239,136944.545229232,254762.876387246
"1447",112799.839865592,52872.66876232,172727.010968864
"1448",115405.80368262,56580.9472842982,174230.660080941
"1449",194937.70226796,135920.782832422,253954.621703498
"1450",54651.1683914426,-5257.35455744719,114559.691340332
"1451",86213.8481512853,26348.9275854961,146078.768717075
"1452",149516.60538068,90705.5044918331,208327.706269528
"1453",86821.8055713557,26953.7382791464,146689.872863565
"1454",75194.0677435574,15281.2317596417,135106.903727473
"1455",75194.0677435574,15281.2317596417,135106.903727473
"1456",86821.8055713557,26953.7382791464,146689.872863565
"1457",162643.460622898,103815.380517428,221471.540728368
"1458",106114.822451578,47194.0569779879,165035.587925169
"1459",219889.415515549,161015.372624077,278763.458407022
